,Date,NewUser,R0,R1,R2,R3,R4,R5,R6,R7,R8,R9,R10,R11,R12,R13,R14,R15,R28,R30,R45,R60,R90
0,2020-07-01,8631,99.80303556945893,0.0,0.0,0.0,0.0,0.0,0.0,0.0,0.0,0.0,0.0,0.0,0.0,0.0,0.0,0.0,0.0,0.0,0.0,0.0,0.0
1,2020-06-30,13915,95.27847646424722,35.11318720804887,0.0,0.0,0.0,0.0,0.0,0.0,0.0,0.0,0.0,0.0,0.0,0.0,0.0,0.0,0.0,0.0,0.0,0.0,0.0
2,2020-06-29,14629,91.65356483696767,50.249504409050516,21.300157221956386,0.0,0.0,0.0,0.0,0.0,0.0,0.0,0.0,0.0,0.0,0.0,0.0,0.0,0.0,0.0,0.0,0.0,0.0
3,2020-06-28,15853,89.54771967450955,49.731911940957545,32.44811707563237,14.38844382766669,0.0,0.0,0.0,0.0,0.0,0.0,0.0,0.0,0.0,0.0,0.0,0.0,0.0,0.0,0.0,0.0,0.0
4,2020-06-27,16160,88.47153465346534,48.13118811881188,31.002475247524753,22.29579207920792,10.674504950495049,0.0,0.0,0.0,0.0,0.0,0.0,0.0,0.0,0.0,0.0,0.0,0.0,0.0,0.0,0.0,0.0
5,2020-06-26,15336,87.68257694314032,49.23056859676578,32.21830985915493,23.441575378195097,18.185967657798642,8.711528429838289,0.0,0.0,0.0,0.0,0.0,0.0,0.0,0.0,0.0,0.0,0.0,0.0,0.0,0.0,0.0
6,2020-06-25,14302,86.88994546217313,49.78324709830793,31.813732345126557,23.772898895259402,18.51489302195497,14.529436442455602,6.922108795972591,0.0,0.0,0.0,0.0,0.0,0.0,0.0,0.0,0.0,0.0,0.0,0.0,0.0,0.0
7,2020-06-24,15494,86.31728410997806,48.85116819413967,32.606170130373044,23.80276235962308,18.129598554279074,14.33458112817865,11.669033174131922,5.782883696914935,0.0,0.0,0.0,0.0,0.0,0.0,0.0,0.0,0.0,0.0,0.0,0.0,0.0
8,2020-06-23,15729,86.96039163328882,49.621717846016914,33.11717210248585,24.604234217051307,18.984042215016846,15.353805073431243,12.848877868904571,10.5664695784856,5.461249920528959,0.0,0.0,0.0,0.0,0.0,0.0,0.0,0.0,0.0,0.0,0.0,0.0
9,2020-06-22,15874,85.85107723321154,49.98740078115157,33.80370417034143,25.116542774347987,19.774473982613078,16.045105203477384,14.111125110243163,11.931460249464534,10.432153206501196,5.297971525765402,0.0,0.0,0.0,0.0,0.0,0.0,0.0,0.0,0.0,0.0,0.0
10,2020-06-21,16278,85.26846049883278,48.96178891755744,34.05209485194741,25.795552279149774,21.102100995208257,17.852316009337756,15.640742105909816,12.790269074824916,10.9472908219683,9.479051480525863,5.178768890527092,0.0,0.0,0.0,0.0,0.0,0.0,0.0,0.0,0.0,0.0
11,2020-06-20,15354,86.83079327862447,48.013546958447314,32.25869480265729,23.896053145760064,19.623550866223784,16.360557509443794,14.302461899179367,12.615605054057575,10.427250227953627,9.026963657678781,7.991402891754591,4.41578741695975,0.0,0.0,0.0,0.0,0.0,0.0,0.0,0.0,0.0
12,2020-06-19,15439,85.91877712287065,49.40734503530022,33.97888464278774,25.79830299889889,20.661959971500746,16.94410259731848,14.217242049355526,12.81171060301833,11.19891184662219,9.981216400025907,8.964311160049226,7.604119437787421,4.190685925254226,0.0,0.0,0.0,0.0,0.0,0.0,0.0,0.0
13,2020-06-18,15848,85.2284199899041,49.463654719838466,33.5562847046946,25.37228672387683,19.79429581019687,16.651943462897524,14.544422009086318,12.462140333165069,10.562847046945986,9.673144876325088,8.354366481574962,7.635032811711256,6.9851085310449275,3.9058556284704693,0.0,0.0,0.0,0.0,0.0,0.0,0.0
14,2020-06-17,17405,84.9928181557024,49.03188738868141,33.73168629704108,24.918126975007183,19.994254524561907,16.27693191611606,13.766159149669635,11.956334386670498,10.336110313128412,9.238724504452742,8.388394139615054,7.612754955472566,6.768170066072968,6.101694915254238,3.567940247055444,0.0,0.0,0.0,0.0,0.0,0.0
15,2020-06-16,17125,85.26715328467154,49.48905109489051,33.73430656934306,25.179562043795624,20.1985401459854,17.13284671532847,14.510948905109489,12.315328467153284,10.756204379562044,9.5007299270073,8.583941605839417,7.608759124087591,7.351824817518249,6.318248175182482,5.88029197080292,3.3635036496350366,0.0,0.0,0.0,0.0,0.0
16,2020-06-15,19138,85.16563904274219,50.05747727035218,34.52816386247257,25.796843975337026,20.467133451771343,16.642282370153623,14.259588253736021,12.754728811788066,11.114014003553141,9.567352910439961,8.956003762148605,7.890061657435468,7.116731110878879,6.552408820148396,5.878357195109206,5.491691921830912,0.0,0.0,0.0,0.0,0.0
17,2020-06-14,20886,84.34357943119794,49.119027099492484,33.95097194292828,25.696638896868716,20.903954802259886,17.75351910370583,15.44575313607201,13.214593507612754,10.959494398161448,9.910945130709566,9.073063295987744,8.35487886622618,7.593603370678924,7.253662740591784,6.549841999425452,5.84123336206071,0.0,0.0,0.0,0.0,0.0
18,2020-06-13,18056,84.9745237040319,48.09481612760301,32.16659282233053,24.81169694284448,19.921355782011517,16.365750996898537,14.853788214443952,12.74368630926008,10.943730615861764,9.149313247673902,8.329641116526362,7.598582188746124,7.111209570225964,6.784448382809039,6.103234381922906,5.239255649091715,0.0,0.0,0.0,0.0,0.0
19,2020-06-12,17779,84.37482423083414,48.97913268462793,32.75212329152371,25.423252151414587,20.029247989200744,16.32262781933742,14.460880814444007,12.289780077619664,10.765509871196354,9.184993531694696,8.50441532144665,7.53135721919118,6.85640362225097,6.237696158389111,5.663985600989932,5.0902750435907524,0.0,0.0,0.0,0.0,0.0
20,2020-06-11,19449,84.1225769962466,49.23646459972235,33.24078358784514,25.37405522134814,20.720859684302535,16.99316160213893,14.622859787135587,12.684456784410509,11.224227466707799,9.650881793408402,8.941333744665537,7.84102010386138,7.193171885443982,6.447632269011261,6.026016761787238,5.511851509075017,0.0,0.0,0.0,0.0,0.0
21,2020-06-10,18693,84.4059273524849,49.55330872519125,33.89504092441021,25.052158562028566,20.25357085540042,16.519552773765582,14.363665543251484,12.234526293264858,10.651045846038624,9.516931471673889,8.639597710372867,7.649922430856471,7.0026213020916925,6.317873000588456,5.986198042047826,5.4137912587599635,0.0,0.0,0.0,0.0,0.0
22,2020-06-09,18058,84.45010521652453,49.62897330822904,34.04031454203123,24.670506146860117,19.80285745929782,16.208882489755233,13.755676154612914,12.050060914829992,10.565954147746151,9.463949496068224,8.644368147081625,7.282091039982279,6.905526636393843,6.252076641931553,5.836748255620777,5.526636393842065,0.0,0.0,0.0,0.0,0.0
23,2020-06-08,18287,84.24563897850932,49.31918849455897,33.25859900475748,24.89199978126538,19.58221687537595,16.257450648001313,13.878711653086892,12.227265270410674,10.657844370317711,9.039208180674796,8.475966533603106,7.524470935637338,6.780773226882484,6.676874282277027,5.741783780827911,5.353529829933833,0.0,0.0,0.0,0.0,0.0
24,2020-06-07,18900,83.72486772486772,48.857142857142854,33.68783068783069,25.608465608465607,20.746031746031747,17.25925925925926,15.074074074074073,12.867724867724867,10.973544973544975,9.878306878306878,8.677248677248677,7.835978835978836,7.428571428571429,6.98941798941799,6.439153439153439,5.867724867724868,0.0,0.0,0.0,0.0,0.0
25,2020-06-06,18174,84.70342247166282,47.617475514471224,32.40343347639485,25.04126774513041,19.902057884890503,17.084846483988116,15.00495212941565,12.980081435017057,10.828656322218553,9.381534059645649,8.644217013315727,8.049961483437878,7.092549796412458,7.1530758226037205,6.443270606360735,5.606910971717839,0.0,0.0,0.0,0.0,0.0
26,2020-06-05,18316,84.13955012011355,47.843415592924224,33.151343088010485,25.251146538545534,20.11356191308146,16.755841886874865,13.698405765450971,12.180607119458397,10.761083205940162,8.926621533085827,8.407949333915703,7.588993229962875,6.81371478488753,6.4642935138676565,5.951081022057218,5.536143262721118,0.0,0.0,0.0,0.0,0.0
27,2020-06-04,17381,84.25867326390886,48.63356538749209,33.29497727403486,24.889246878775676,20.338300443012486,16.529543754674645,14.533110868189404,12.162706403544101,10.517231459639836,9.395316725159656,8.215867901731775,7.588746332201829,6.85230999367125,6.0928600195615905,6.248202059720384,5.402450952189172,0.0,0.0,0.0,0.0,0.0
28,2020-06-03,17811,84.15024423109314,48.7339284711695,33.42877996743586,24.42872382235697,19.454269833249114,16.326988939419458,13.901521531637753,12.166638594127225,10.26332041996519,8.83723541631576,8.118578406602662,7.540284094099152,6.771096513390601,6.147886137780024,5.878389759137612,5.114816686317444,1.3643254168772108,0.0,0.0,0.0,0.0
29,2020-06-02,15782,85.08427322265872,48.92282346977569,32.70814852363452,24.48992523127614,18.8189076162717,15.555696362945126,13.59776961094918,11.665188189076163,10.112786719047016,8.98491952857686,8.015460651374983,7.141046762134076,6.621467494614117,6.222278545178051,5.766062602965404,5.195792675199595,2.186034723102268,0.0,0.0,0.0,0.0
30,2020-06-01,14371,84.7540185094983,48.43086771971331,32.93438174100619,24.918238118432956,19.28188713381115,16.616797717625776,14.32746503374852,11.871129357734327,10.625565374712965,9.407835223714425,8.113562034653121,7.591677684225176,7.097627165820055,6.276529121146754,5.831187808781574,5.455431076473453,2.4215433859856654,1.2525224410270683,0.0,0.0,0.0
31,2020-05-31,11835,83.81073088297423,46.8610054921842,32.15040135192226,24.064216307562315,19.602872834812,16.90747782002535,14.769750739332487,12.217997465145753,10.688635403464302,9.06632868610055,8.525559780312632,7.934093789607098,6.996197718631179,7.359526827207436,5.99070553443177,5.7118715673848754,2.458808618504436,2.3067173637515843,0.0,0.0,0.0
32,2020-05-30,11544,84.48544698544698,46.77754677754678,31.14171864171864,23.795911295911296,18.754331254331255,16.034303534303536,13.452875952875953,12.595287595287596,10.516285516285516,9.268884268884268,8.463270963270963,7.674982674982675,7.181219681219682,6.878031878031877,5.985793485793486,5.44005544005544,2.6853776853776856,2.46015246015246,0.0,0.0,0.0
33,2020-05-29,13656,83.91183362624487,45.26215582893966,30.565319273579377,22.891036906854133,18.387521968365554,15.216754540128882,12.705038078500294,11.30638547158758,9.775922671353252,8.52372583479789,7.491212653778559,7.469244288224957,6.641769185705917,6.129173989455185,5.689806678383128,4.913591095489163,2.1236086701816053,2.0284124194493263,0.0,0.0,0.0
34,2020-05-28,16126,84.2304353218405,44.49956591839266,29.66637727892844,22.231179461738808,17.48728761007069,14.535532680143866,12.24730249286866,10.845839017735335,8.929678779610567,8.104923725660425,7.143743023688454,6.734466079622969,6.120550663524742,5.54384224234156,5.345404936127992,4.619868535284633,2.375046508743644,2.0897928810616397,0.0,0.0,0.0
35,2020-05-27,15275,84.60229132569557,46.801963993453356,31.30605564648118,23.45008183306056,18.16693944353519,14.703764320785599,12.936170212765957,10.945990180032734,9.296235679214403,8.739770867430442,7.5220949263502455,7.057283142389526,6.618657937806874,5.839607201309329,5.584288052373159,4.752864157119476,2.2193126022913257,1.8985270049099838,0.0,0.0,0.0
36,2020-05-26,17125,85.02189781021899,48.864233576642334,32.48467153284672,24.1985401459854,19.054014598540146,16.064233576642337,13.489051094890511,11.842335766423357,10.475912408759124,9.430656934306569,8.256934306569343,7.48029197080292,6.86131386861314,6.335766423357664,6.067153284671533,5.232116788321168,2.487591240875912,2.1722627737226277,0.0,0.0,0.0
37,2020-05-25,18548,84.31636834160017,47.978218675868014,32.6072891956006,24.487815397886564,19.39292646107397,15.62971748975631,13.370713823592839,11.192581410394652,10.513262885486306,8.917403493638128,8.243476385594134,7.742074617209403,6.90640500323485,6.453525986629287,5.6825533750269575,5.439939616131119,2.4369204226870824,2.0703040759111495,0.0,0.0,0.0
38,2020-05-24,20815,83.69925534470333,47.56185443190007,31.80879173672832,23.89622868123949,19.053567139082393,16.473696853230845,14.02354071582993,11.803987509007927,9.963968292097046,9.123228441028104,8.316118184001922,7.590679798222435,7.20634158059092,6.591400432380495,6.134998798943069,5.270237809272159,2.4693730482824883,2.1763151573384576,0.0,0.0,0.0
39,2020-05-23,20288,84.2468454258675,45.416009463722396,30.766955835962147,22.801656151419557,18.089511041009466,15.403194006309148,13.609029968454259,11.597988958990536,10.010843848580443,8.68493690851735,7.9702287066246065,7.186514195583596,6.599960567823344,6.910488958990537,6.166206624605678,5.5155757097791795,2.57294952681388,2.0603312302839116,0.0,0.0,0.0
40,2020-05-22,24931,83.41021218563235,46.73298303317156,31.908066262885566,23.669327343467973,19.00445228831575,15.899883678953913,13.50527455777947,11.989089888091131,10.099875656812804,9.036941959809074,8.387148529942642,7.536801572339657,6.714532108619791,6.546067145321086,6.132926878183787,5.471100236653163,2.599173719465725,2.2020777345473506,0.0,0.0,0.0
41,2020-05-21,24585,83.99837299166158,47.992678462477116,31.84462070368111,23.21740898922107,19.08074028879398,15.363026235509459,13.308928208257068,11.539556640227781,10.420988407565588,8.891600569452919,8.049623754321741,7.565588773642465,6.760219646125687,6.2192393736017895,5.999593247915396,5.27150701647346,2.5137278828553997,2.330689444783405,0.0,0.0,0.0
42,2020-05-20,23980,84.04086738949125,47.97331109257715,31.63469557964971,23.803169307756463,18.66138448707256,15.2418682235196,12.989991659716429,11.271893244370307,9.733110925771477,8.761467889908257,7.835696413678066,7.3728106755629685,6.555462885738115,6.167639699749791,5.66722268557131,5.30859049207673,2.4228523769808175,2.3185988323603004,0.0,0.0,0.0
43,2020-05-19,24236,83.58227430269022,48.30830169995048,32.583759696319525,24.05925070143588,18.501402871761016,15.316058755570225,13.054959564284536,11.26836111569566,9.943885129559334,8.788578973427958,7.839577488034329,7.257798316553887,6.494471034824229,5.871430929196237,5.442317214061727,4.918303350387853,2.376629806898828,2.1373163888430433,0.0,0.0,0.0
44,2020-05-18,24065,83.86868896738001,49.008934136713066,32.85684604196967,24.55017660502805,19.318512362351964,15.890297111988364,13.313941408684812,11.606066902140038,10.114273841678786,8.95906918761687,8.182007064201121,7.330147517141077,6.86058591315188,6.420112196135467,5.987949303968419,5.51423228755454,2.4807812175358404,2.3145647205485145,0.0,0.0,0.0
45,2020-05-17,24228,83.37873534753179,47.72164437840515,32.920587749711075,24.942215618292884,19.82417038137692,17.02988278025425,14.503879808486051,11.940729734191844,10.529139838203731,9.286775631500744,8.44064718507512,7.6977051345550604,7.462440151890375,7.0125474657421165,6.137526828462935,5.506026085520885,2.608552088492653,2.4434538550437512,0.6934125804853888,0.0,0.0
46,2020-05-16,23005,84.06433384046946,47.002825472723316,31.036731145403174,23.551401869158877,19.19148011301891,15.674853292762442,13.714409910888936,11.975657465768311,9.789176266029125,8.767659204520756,7.637470115192349,7.007172353836122,6.594218648119973,6.568137361443164,6.059552271245382,5.394479460986742,2.8211258422082155,2.3212345142360356,1.117148445990002,0.0,0.0
47,2020-05-15,22892,83.19500262100297,47.01205661366416,31.871396120915602,23.558448366241482,18.705224532587803,15.865804647911935,13.030753101520181,11.694041586580465,9.68897431417089,8.636204787698759,7.758168792591298,6.967499563166172,6.687925912982702,6.093831906342827,5.403634457452386,5.076009086143631,2.6515813384588505,2.219115848331295,1.2231347195526823,0.0,0.0
48,2020-05-14,23230,84.25742574257426,47.993973310374514,31.601377529057256,23.219974171330175,19.10891089108911,15.514421007318123,12.98751614291864,11.201033146792941,9.720189410245371,8.566508824795523,7.671114937580715,6.943607404218683,6.620749031424881,5.949203616013776,5.380972879896685,5.131295738269479,2.4666379681446404,2.1653034868704264,1.2139474817046922,0.0,0.0
49,2020-05-13,23213,84.79300392021713,48.25744195063111,31.913152113040105,23.41360444578469,18.68349631671908,15.715331926075907,13.057338560289494,11.002455520613449,9.38267350191703,8.723560074096412,7.517339421875673,6.931460819368457,6.190496704432861,5.677852927239047,5.30306293887046,4.816266747081377,2.2616637229138847,1.9041054581484511,0.9908241071813209,0.0,0.0
50,2020-05-12,22249,84.93415434401547,47.67854735044272,32.02391118701964,23.708930738460154,18.463751179828307,15.36698278574318,12.710683626230393,11.1690413052272,9.62739898422401,8.46779630545193,7.7216953570947,7.002561912894961,6.274439300642726,6.144096363881523,5.568789608521731,5.02045035731943,2.516967054699087,2.1529057485729695,1.164097262798328,0.0,0.0
51,2020-05-11,22475,84.5428253615128,47.951056729699665,31.532814238042267,23.759733036707452,18.487208008898776,15.372636262513906,12.832035595105673,11.119021134593993,9.628476084538375,8.351501668520578,7.630700778642936,6.878754171301446,6.35372636262514,5.730812013348165,5.17908787541713,4.832035595105673,2.327030033370412,2.1624026696329257,1.1568409343715238,0.0,0.0
52,2020-05-10,24607,83.85012394846994,47.21420733937497,32.348518714187016,23.82248953549803,18.677612061608485,16.09704555614256,13.723737147966025,11.326045434226033,9.615150160523427,8.578859674076481,7.741699516397774,7.071158613402691,6.892347705937335,6.429064900231642,5.640671353679847,5.059535904417442,2.214816922014061,1.7962368431747064,0.9834599910594547,0.0,0.0
53,2020-05-09,23074,84.48036751321834,46.86226922076796,30.553870156886536,22.479847447343328,17.378867989945395,14.457831325301203,12.607263586720984,11.14674525439889,9.235503163734073,8.039351651209154,7.337262719944526,6.40547802721678,6.097772384502037,5.9590881511658145,5.53870156886539,4.866949813643061,2.400970789633354,1.8462338562884633,1.0618011614804543,0.0,0.0
54,2020-05-08,22161,83.76878299715716,46.8119669689996,31.564460087541175,23.022426785794863,17.521772483191192,14.430756734804387,12.300888949054647,10.477866522268851,9.151211587924733,8.032128514056225,7.4635621136230315,6.574613058977483,5.942872614051713,5.383331077117458,5.229908397635485,4.864401425928433,2.3193899192274716,1.9809575380172375,1.0243220071296422,0.0,0.0
55,2020-05-07,30294,84.9673202614379,47.134746154354,30.75526506899056,22.908826830395455,18.029972931933717,14.43520169010365,12.074998349508153,10.332078959529941,9.110714993067933,7.71439889086948,7.318280847692613,6.440219185317224,5.832838185779362,5.238661121014062,4.842543077837195,4.443124050967189,1.9145705420215222,1.7891331616821813,0.9275764177724962,0.0,0.0
56,2020-05-06,33102,85.22143677119207,47.09987311944898,30.862183553863815,22.614947737296838,17.515557972327954,14.400942541236178,12.10500876079995,10.029605461905625,8.69131774515135,7.507099268926348,6.92405292731557,5.999637484139931,5.597849072563591,4.9483414899401845,4.688538456890822,4.2807081143133345,1.9606066098725152,1.839767989849556,1.0301492356957285,0.0,0.0
57,2020-05-05,33843,85.05156162278757,46.801406494696096,30.006205123659253,21.729752090535708,16.94589723133292,13.801967910646221,11.293325059835121,9.511568123393316,8.099163785716396,7.171350057619005,6.503560559052094,5.835771060485182,5.227077977720651,4.801583783943504,4.5770174038944536,4.018556274561948,1.8763112017256154,1.7876665780220429,1.0282776349614395,0.0,0.0
58,2020-05-04,35292,85.12977445313385,46.83214326192905,30.607503116853678,21.959650912388078,16.83384336393517,13.43647285503797,11.379349427632325,9.679247421511958,8.106653065850617,7.063923835430126,6.457554119913861,5.718009747251502,5.032301938116287,4.644111980052137,4.391930182477615,3.938569647512184,1.75960557633458,1.5895953757225432,0.886886546526125,0.0,0.0
59,2020-05-03,37689,84.27657937329194,45.85688131815649,30.25816551248375,22.017034147894613,17.30478388919844,14.341054419061264,12.23433893178381,10.010878505664783,8.190718777362095,7.222266443789965,6.402398577834381,5.837246942078591,5.534771418716336,5.282708482581124,4.492026851335933,3.828703335190639,1.9342513730796782,1.5680967921674758,0.9472259810554804,0.0,0.0
60,2020-05-02,33508,84.71708248776412,44.98030321117345,28.5633281604393,20.52644144681867,15.975289483108511,12.761131670048945,11.057061000358123,9.669332696669453,7.950340217261549,6.514862122478214,5.88814611436075,5.297242449564283,4.864509967768891,4.6884326131073175,4.4377462098603315,3.70657753372329,1.865226214635311,1.4683060761609168,0.7998090008356212,0.2297958696430703,0.0
61,2020-05-01,34369,85.04175274229684,45.64287584742064,28.720649422444644,20.61741685821525,15.772934912275597,12.845878553347493,10.762605836655126,9.278710465826762,8.26326049637755,6.84919549594111,5.833745526491897,5.528237656027233,4.981233087957171,4.504058890279031,4.405132532223806,4.041432686432541,1.699205679536792,1.5711833338182664,0.8408740434694056,0.4829933952108004,0.0
62,2020-04-30,27411,84.9476487541498,45.5802415088833,29.309401335230383,21.272481850352047,16.56634197949728,13.3121739447667,11.156105213235563,9.317427310203932,8.095290211958703,7.066506147167195,6.548465944328918,5.862609901134581,5.140272153515013,4.822881325015505,4.396045383240305,4.096895406953413,1.8715114370143373,1.6854547444456605,0.9631169968260918,0.5435773959359381,0.0
63,2020-04-29,25057,83.00275372151495,47.48772798020513,30.374745580077423,21.774354471804287,17.464181665801974,13.916270902342658,11.326176317994971,9.833579438879356,8.392864269465617,7.075867023187134,6.692740551542483,6.1140599433292095,5.695015364967873,4.984635032126751,4.621463064213593,4.214391188091152,1.879714251506565,1.9276050604621464,1.025661491798699,0.6145987149299598,0.0
64,2020-04-28,23081,84.43741605649669,44.98505264070014,30.522940947099347,21.74082578744422,16.82769377409991,13.59559811100039,11.689268229279493,9.730947532602574,8.244876738442874,7.2267232788873965,6.3255491529829735,5.996273991594818,5.216411767254452,4.8004852476062565,4.605519691521165,3.933971665005849,1.7416923010268186,1.646375806940774,0.9055066938174255,0.593561804081279,0.0
65,2020-04-27,21745,84.32743159346975,46.74177971947574,29.312485628880204,22.340767992641986,16.937226948723843,13.938836514141181,11.322143021384226,9.910324212462635,8.590480570246035,7.64313635318464,6.6268107610945055,6.125546102552311,5.403541043918142,5.113819268797425,4.584962060243734,4.051506093354794,1.9958611174982754,1.7291331340538056,0.9519429753966429,0.666819958611175,0.0
66,2020-04-26,24495,83.90283731373749,46.074709124311084,29.610124515207186,20.845070422535212,17.423964074300876,14.300877730149008,12.092263727291284,9.753010818534396,8.324147785262298,7.544396815676668,6.40947132067769,5.878750765462339,5.674627474994897,5.348030210246989,4.641763625229639,3.9844866299244748,1.8738518064911207,1.5880791998367012,0.9348846703408858,0.6531945294958155,0.0
67,2020-04-25,22286,83.92264201741003,45.52185228394508,29.090011666517096,21.47985282239971,16.189536031589338,13.676747734003412,11.819079242573812,9.755003140985371,8.512070358072332,7.291573184959168,6.443507134523917,5.990307816566454,5.344162254330072,5.339675132370098,4.706990936013641,4.334559813335726,2.248048101947411,1.714080588710401,0.9422956115947231,0.6596069281163062,0.0
68,2020-04-24,24207,84.2111785847069,46.238691287644066,30.045028297599867,21.902755401330193,16.74309084149213,12.946668319081258,11.736274631304996,9.835997851861032,8.852811170322635,7.506093278803652,6.576610071466931,5.990002891725534,5.4488371132317095,5.159664559838063,4.734167802701697,4.3788986656752185,2.003552691370265,1.6482835543437848,0.9790556450613459,0.7229313834841161,0.0
69,2020-04-23,22429,84.57800169423514,47.78188951803469,30.786035935619065,22.52441036158545,17.963351018770343,14.539212626510324,11.721432074546346,10.74501761112845,9.336127335146461,7.744438004369343,6.87948637924116,6.451469080208659,5.813901645191493,5.430469481474876,4.993535155379196,4.587810424004637,2.1846716304783986,1.663025547282536,1.1235454099603193,0.7044451379909938,0.0
70,2020-04-22,23469,84.32400187481358,49.57177553368273,32.80071583791385,23.784566875452725,18.83335463803315,15.313818228301162,12.497336912522902,10.511738889599046,9.65102901700115,8.432400187481358,7.443862115982785,6.630022582981805,6.110187907452384,5.517917252545912,5.219651455110998,4.563466700754186,2.0580340023009076,1.9642933231070776,1.069495930802335,0.5880097149431165,0.0
71,2020-04-21,25582,84.99335470252521,48.41685560159487,32.296145727464626,24.059885857243373,18.384020014072394,15.01446329450395,12.426706277851613,10.573840981940426,8.842154639981237,8.427800797435697,7.212102259401141,6.485028535689157,5.922132749589555,5.6133218669376905,5.155969040731764,4.573528262059261,1.9701352513486043,1.7825033226487375,0.9655226331013993,0.6840747400515987,0.0
72,2020-04-20,29762,85.38404677105034,48.000806397419524,32.313016598346884,23.775283919091457,18.345541294267857,15.183791411867482,12.660439486593644,10.896445131375579,9.186210604126067,7.993414421073853,7.445736173644245,6.699818560580606,5.769101538875076,5.591022108729252,4.908944291378268,4.687185001007997,1.9622337208520932,1.8983939251394397,1.07519655937101,0.7627175593038102,0.0
73,2020-04-19,35370,85.59230986711903,47.656205824144756,32.03845066440486,23.67825841108284,18.956743002544528,15.911789652247668,13.607577042691545,11.113938365846762,9.281877297144472,8.30364715860899,7.2123268306474415,6.940910376024879,6.567712750918858,5.962680237489398,5.484874187164263,4.704551880124399,2.1854679106587502,1.8744698897370653,1.0036754311563472,0.6361323155216284,0.0
74,2020-04-18,32734,85.4952037636708,47.262784871998534,31.349667012891796,23.128856846092745,17.959919349911406,15.060793059204498,13.233946355471376,11.153540661086332,9.52220932363903,8.068063786888251,7.151585507423475,6.338974766298039,6.338974766298039,5.749373739842365,5.208651554958148,4.698478646056088,2.1812183051261687,1.7168693101973485,0.9775768314290951,0.6109855196431845,0.0
75,2020-04-17,32532,85.16537563014877,48.106479773761215,32.17140046723227,23.198696667896225,18.16672814459609,14.889954506332225,12.599901635312923,11.099840157383499,9.246280585269888,7.912209516783475,7.2205828107709324,6.1877535964588715,5.456166236321161,5.456166236321161,4.985860076232632,4.454075986720767,2.0103282921431207,1.8504856756424444,1.0174597319562277,0.6578138448297062,0.0
76,2020-04-16,41094,85.24845476225241,47.24533995230447,31.316007202998,22.750279846206258,17.76415048425561,14.32569231517983,11.940915948800312,10.162067455102934,8.670365503479827,7.860028227965153,6.7625444103762105,6.073879398452329,5.521487321750134,4.842556090913516,4.723317272594539,4.3558670365503485,1.8250839538618775,1.8104832822309826,0.9344429843772813,0.5986275368666959,0.0
77,2020-04-15,38150,85.30537352555702,47.05635648754915,30.906946264744427,22.492791612057665,17.42332896461337,14.524246395806028,11.876802096985584,10.290956749672347,8.768020969855831,7.850589777195281,6.836173001310616,6.243774574049803,5.653997378768021,5.27129750982962,4.592398427260813,4.393184796854522,2.0157273918741807,1.7457404980340758,0.9908256880733944,0.5871559633027523,0.0
78,2020-04-14,32618,84.95002759212704,47.57802440370348,31.20976148139064,23.208044637929977,18.005395793733523,14.66981421301122,12.37660187626464,10.76399533999632,9.013428168495922,8.105953767858237,7.265926788889571,6.404439266662579,5.849530933840211,5.2792936415476115,4.843951192593047,4.276779692194494,1.9682383959776812,1.916119933778895,0.9626586547305169,0.6254215463854313,0.0
79,2020-04-13,27731,84.54437272366665,47.54967365042732,31.935379178536653,23.544048177130286,18.67224405899535,15.296960080776026,12.794345678121957,11.077855108001875,9.628213912228192,8.164148425949298,7.655692185640619,6.8912047888644485,6.1447477552197896,5.80938300097364,5.387472503696224,4.832137319245609,2.188886084165735,2.0554613969925355,1.0710035700119,0.6382748548555768,0.0
80,2020-04-12,18483,85.18097711410485,49.651030676838175,33.641724828220525,25.347616728886003,20.434994319104042,17.14548504030731,15.138235134988909,12.454688091759996,10.766650435535356,9.54390521019315,8.467240166639614,7.6610939782502845,7.152518530541578,6.768381756208408,6.205702537466862,5.513174268246497,2.6997781745387655,2.293999891792458,1.255207487961911,0.816966942595899,0.0
81,2020-04-11,19314,85.17655586621103,48.555452003727865,33.10034172103138,24.401988195091644,19.607538573055812,15.807186496841668,14.305684995340167,12.322667495081289,10.883297090193642,9.366262814538677,8.222015118566842,7.419488453971212,6.891374132753443,6.306306306306306,5.938697318007663,5.2966759863311585,2.7958993476234855,2.3816920368644507,1.2581547064305685,0.7921714818266543,0.0
82,2020-04-10,26943,85.7217087926363,48.22402850462086,31.703967635378394,23.29733140333296,18.15313810637271,14.979772111494638,12.797387076420591,11.03811750733029,9.62030954236722,8.488290093901941,7.389674498014326,6.751289759863416,6.242808892847864,5.7009241732546485,5.185020227888505,4.873250937163641,2.2009427309505254,2.015365772185725,0.9724232639275507,0.6792116690791671,0.0
83,2020-04-09,15070,84.66489714664898,47.66423357664233,32.36894492368945,24.20039814200398,19.117451891174518,15.155938951559389,13.171864631718647,11.101526211015262,9.887193098871931,8.599867285998673,7.704047777040477,6.755142667551427,6.230922362309223,5.819508958195089,5.295288652952887,5.009953550099536,2.495023224950232,2.0371599203715993,1.088254810882548,0.7763769077637691,0.0
84,2020-04-08,21841,85.02815805137128,49.04079483540131,32.11849274300627,23.565770798040383,18.392015017627397,15.296918639256443,12.352914243853304,10.974772217389313,9.335653129435466,8.447415411382263,7.192894098255574,6.707568334783207,6.011629504143583,5.517146650794377,5.045556522137265,4.638066022618012,2.193123025502495,1.8268394304290096,1.1309005997893868,0.6501533812554371,0.0
85,2020-04-07,22427,84.62121549917511,49.50729031970393,32.594640388817055,24.020154278325233,18.81660498506265,14.928434476300886,12.805992776563963,10.968921389396709,9.586658937887368,8.467472243278191,7.4285459490792345,6.839969679404289,6.362866188076871,5.542426539439068,5.208008204396487,4.904802247291212,2.0823114995318144,1.8281535648994516,1.1147277834752753,0.7758505372987916,0.0
86,2020-04-06,21186,84.94760691022373,49.428868120456904,33.253091664306616,24.79939582743321,18.66326819597848,15.321438685924669,12.739544982535635,10.960067969413764,9.37883507976966,8.170489946190882,7.132068347021618,6.669498725573492,6.01340507882564,5.550835457377514,5.041064854148966,4.5832153308788826,2.0768431983385254,1.8408382894364201,0.9298593410742944,0.6277730576795998,0.0
87,2020-04-05,21259,85.0275177571852,49.40495790018345,33.19064866644715,24.30029634507738,19.671668469824542,15.988522508114212,13.598946328613765,11.689166941060257,9.755868102921115,8.410555529422831,7.653229220565408,6.928830142527871,6.7830095488969375,6.152688273201938,5.644668140552237,4.9390846229832075,2.450726751023096,2.3378333882120512,1.317089232795522,0.8090691001458206,0.0
88,2020-04-04,20512,84.75526521060843,48.50331513260531,32.33716848673947,24.010335413416538,19.300897035881434,16.29290171606864,13.548166926677066,11.919851794071763,10.233034321372855,8.526716068642745,7.766185647425897,7.122659906396256,6.57663806552262,6.09886895475819,5.879485179407176,5.079953198127925,2.4619734789391576,2.164586583463339,1.1310452418096724,0.7605304212168487,0.0
89,2020-04-03,20322,84.8243283141423,48.70091526424565,33.6285798641866,24.859757897844702,19.638815077256176,15.884263359905521,13.674835154020274,11.662237968703867,10.368074008463733,9.251057966735557,8.385001476232654,7.208936128333826,6.534789882885543,5.914772168093692,5.506347800413345,5.043794902076567,2.352130695797658,2.120854246629269,1.1465406948135026,0.713512449562051,0.0
90,2020-04-02,24033,85.54487579578081,49.58598593600466,32.655099238546995,24.84500478508717,19.747846710772688,15.603545125452504,13.260932883951234,11.242874381059377,10.073648732992135,8.821204177589149,7.656139474888694,6.661673532226523,6.224774268713851,5.8086797320351184,5.371780468522449,5.034743893812674,2.1470478092622645,2.0388632297257936,1.2399617193026256,0.7115216577206341,0.19140348687221737
91,2020-04-01,23880,85.77051926298157,50.2680067001675,33.685092127303186,24.731993299832496,19.443048576214405,16.025963149078727,13.664154103852596,11.746231155778894,10.09212730318258,8.819095477386934,7.855946398659966,7.282244556113902,6.47822445561139,5.866834170854272,5.665829145728643,5.008375209380234,2.194304857621441,2.1231155778894473,1.1515912897822447,0.7830820770519263,0.33919597989949746
92,2020-03-31,27203,85.95375510054039,50.8216005587619,34.128588758592805,25.089144579641953,19.843399625041354,16.443039370657647,14.053597029739368,11.789140903576811,10.337095173326471,9.131345807447708,8.120427893982281,7.183031283314341,6.7786641179281695,6.083887806491931,5.639083924567143,5.1501672609638645,2.1725544976656987,2.0696246737492188,1.1800169098996434,0.7058045068558615,0.4227474910855421
93,2020-03-30,25956,85.14023732470335,50.019263368777935,33.77253814147018,25.119432886423176,19.733394976113424,15.90768993681615,13.72707659115426,11.673601479426722,10.228848821081831,8.822622900292803,7.909539220218832,7.250732008013562,6.734473724764987,6.210510094005239,5.713515179534597,5.378332562798582,2.3886577284635537,2.0072430266605026,1.2906457081214362,0.7243026660502389,0.43920480813684704
94,2020-03-29,30576,85.19754055468341,49.862637362637365,34.291601255886974,25.873233908948194,20.55860805860806,17.04277864992151,14.838435374149661,12.477106227106226,10.897435897435898,9.654631083202512,8.500130821559393,7.868916797488226,7.424123495552067,6.6457352171637885,6.053767660910518,5.5762689691261125,2.570643642072213,2.3057299843014127,1.3507326007326008,0.9190214547357405,0.46441653584510734
95,2020-03-28,24667,85.62857258685693,49.11014716017351,33.242794016297076,24.790205537763,19.921352414156566,16.641667004499936,14.322779421899703,12.449831759030284,10.629586086674504,9.457980297563546,8.525560465399117,7.572870636883286,7.260712693071715,6.429642842664288,6.421534844123728,5.57830299590546,2.7202335103579682,2.249969595005473,1.4837637329225282,0.863501844569668,0.4783719138930555
96,2020-03-27,22314,85.59200501927042,48.440440978757735,32.83140629201398,24.45549878999731,19.20767231334588,15.658331092587613,12.929102805413642,11.369543784171372,9.724836425562428,8.73442681724478,7.627498431477996,7.067312001434077,6.695348211884915,5.893161244062024,5.4405306085865375,4.978936990230349,2.375190463386215,2.0121896567177555,1.245854620417675,0.9097427623913239,0.4347046697140809
97,2020-03-26,17922,84.55529516795,49.16861957370829,33.64021872558866,25.080906148867317,20.193058810400625,16.192389242272068,13.586653275304094,11.962950563553175,10.501060149536883,8.855038500167392,8.269166387679947,7.270393929248968,6.611985269501172,6.1823457203437115,5.808503515232675,4.9659636201316815,2.399285793996206,2.3323289811404977,1.3781943979466578,0.9039169735520589,0.43521928356210243
